abbr,id,fips,name,collection_date,sum_adm_all_covid_confirmed,pct_chg_avg_adm_all_covid_confirmed_per_100k,total_adm_all_covid_confirmed_past_7days,total_adm_all_covid_confirmed_past_7days_per_100k,avg_percent_inpatient_beds_occupied_covid_confirmed,abs_chg_avg_percent_inpatient_beds_occupied_covid_confirmed,avg_percent_staff_icu_beds_covid,abs_chg_avg_percent_staff_icu_beds_covid,mmwrweek_end,change,change_text,burden,burden_text,covid_pct_of_total_weekly,covid_deaths_3_month_period,data_as_of,covid_deaths_total,aa_covid_rate_total,data_period_end,mmwrweek_end_testing,level,perc_diff,percent_pos,percent_pos_2_week,percent_pos_4_week,number_tested,number_tested_2_week,number_tested_4_week,aa_covid_rate_3_month_period,pct_change_wk_weekly,pct_diff_wk_weekly,data_update_dte
AK,2,02,Alaska,2023-09-09,9741,0,34,4.65,2.7,1,1.7,1,2023-09-09,-8.8%,Stable (-9.9% to 9.9%),2.2%,Low (1.5% to 2.9%),0,17,2023-09-14,1518,227.5,2023-09-09,2023-09-09,Region 10,1.4,14.4,13.3,12.9,5896,13251,24810,NA,NA,NA,2023-09-18 16:31:00
AL,1,01,Alabama,2023-09-09,117051,0,410,8.36,3.9,0.2,3.4,0.3,2023-09-09,-33.5%,Substantial Decrease (< -19.9%),2.7%,Low (1.5% to 2.9%),NA,159,2023-09-14,22390,359.6,2023-09-09,2023-09-09,Region 4,-0.3,12.7,13.5,13.4,5353,12893,23007,2.6,NA,NA,2023-09-18 16:31:00
AR,5,05,Arkansas,2023-09-09,67389,21.6,270,8.95,3.5,0.7,2.2,0.2,2023-09-09,-8.1%,Stable (-9.9% to 9.9%),3.0%,Moderate (3.0% to 4.4%),NA,82,2023-09-14,12558,338.3,2023-09-09,2023-09-09,Region 6,-2.3,17.3,19.8,18.7,10428,22175,41688,2.2,NA,NA,2023-09-18 16:31:00
AS,60,60,American Samoa,2023-09-09,0,0,0,0,0,0,0,0,NA,NA,NA,NA,NA,NA,NA,NA,NA,NA,2023-09-09,NA,NA,NA,NA,NA,NA,NA,NA,NA,NA,NA,NA,2023-09-18 16:31:00
AZ,4,04,Arizona,2023-09-09,153553,-5.8,262,3.6,1.7,0,1.2,0.3,2023-09-09,-14.8%,Moderate Decrease (-19.9% to -10.0%),1.5%,Low (1.5% to 2.9%),NA,157,2023-09-14,29718,324.9,2023-09-09,2023-09-09,Region 9,-1.8,13.2,15.5,15.4,2413,11165,20895,1.7,NA,NA,2023-09-18 16:31:00
CA,6,06,California,2023-09-09,609323,2.2,2744,6.94,4.4,0.4,2.2,0.1,2023-09-09,-4.0%,Stable (-9.9% to 9.9%),2.2%,Low (1.5% to 2.9%),2.4,843,2023-09-14,108996,245.9,2023-09-09,2023-09-09,Region 9,-1.8,13.2,15.5,15.4,2413,11165,20895,2,-11.1,-0.3,2023-09-18 16:31:00
CO,8,08,Colorado,2023-09-09,96837,10.1,262,4.55,1.8,0.2,1,0.2,2023-09-09,8.8%,Stable (-9.9% to 9.9%),1.7%,Low (1.5% to 2.9%),NA,92,2023-09-14,14977,247.1,2023-09-09,2023-09-09,Region 8,0,12.5,13.5,13.3,2851,4939,8736,1.6,NA,NA,2023-09-18 16:31:00
CT,9,09,Connecticut,2023-09-09,64719,4.1,203,5.69,2.7,0.4,1.1,0.3,2023-09-09,17.0%,Moderate Increase (10.0% to 19.9%),2.3%,Low (1.5% to 2.9%),0,47,2023-09-14,12287,251.8,2023-09-09,2023-09-09,Region 1,-0.1,12.4,11.5,10.7,4550,7709,14709,1,NA,0,2023-09-18 16:31:00
DC,11,11,District of Columbia,2023-09-09,16428,-9,71,10.06,3.4,0.4,1.3,-0.2,2023-09-09,6.9%,Stable (-9.9% to 9.9%),2.3%,Low (1.5% to 2.9%),NA,NA,2023-09-14,1872,281.4,2023-09-09,2023-09-09,Region 3,-1.6,10.4,11.6,9.6,2524,4756,9241,NA,NA,NA,2023-09-18 16:31:00
DE,10,10,Delaware,2023-09-09,20115,63,44,4.52,3.3,0.3,3.5,-0.6,2023-09-09,26.5%,Substantial Increase (> 19.9%),1.7%,Low (1.5% to 2.9%),NA,25,2023-09-14,3460,258.9,2023-09-09,2023-09-09,Region 3,-1.6,10.4,11.6,9.6,2524,4756,9241,1.7,NA,NA,2023-09-18 16:31:00
FL,12,12,Florida,2023-09-09,570686,-11,2287,10.65,4.7,0,3,-0.3,2023-09-09,-23.7%,Substantial Decrease (< -19.9%),3.2%,Moderate (3.0% to 4.4%),3.6,1106,2023-09-14,80104,249.4,2023-09-09,2023-09-09,Region 4,-0.3,12.7,13.5,13.4,5353,12893,23007,3.3,-2.7,-0.1,2023-09-18 16:31:00
FSM,64,64,Federated States of Micronesia,NA,NA,NA,NA,NA,NA,NA,NA,NA,NA,NA,NA,NA,NA,NA,NA,NA,NA,NA,2023-09-09,NA,NA,NA,NA,NA,NA,NA,NA,NA,NA,NA,NA,2023-09-18 16:31:00
GA,13,13,Georgia,2023-09-09,239513,-10.2,659,6.21,3.9,-0.2,3,-0.7,2023-09-09,-24.2%,Substantial Decrease (< -19.9%),1.5%,Low (1.5% to 2.9%),4,247,2023-09-14,36207,316.8,2023-09-09,2023-09-09,Region 4,-0.3,12.7,13.5,13.4,5353,12893,23007,2.3,21.2,0.7,2023-09-18 16:31:00
GU,66,66,Guam,2023-09-09,6166,-57.1,3,1.78,2.7,-2.3,6.6,-1,2023-09-09,-32.9%,Substantial Decrease (< -19.9%),0.4%,Minimal (< 1.5%),NA,NA,NA,NA,NA,2023-09-09,NA,NA,NA,NA,NA,NA,NA,NA,NA,NA,NA,NA,2023-09-18 16:31:00
HI,15,15,Hawaii,2023-09-09,19533,-6.6,114,8.05,4.8,-0.3,2.6,1.1,2023-09-09,-4.2%,Stable (-9.9% to 9.9%),3.7%,Moderate (3.0% to 4.4%),NA,64,2023-09-14,1961,98.3,2023-09-09,2023-09-09,Region 9,-1.8,13.2,15.5,15.4,2413,11165,20895,3,NA,NA,2023-09-18 16:31:00
IA,19,19,Iowa,2023-09-09,54288,-27.3,104,3.3,2.5,0.3,1.1,-0.2,2023-09-09,-5.9%,Stable (-9.9% to 9.9%),2.3%,Low (1.5% to 2.9%),NA,47,2023-09-14,11126,269.5,2023-09-09,2023-09-09,Region 7,1.4,16.4,15.2,14.4,4975,7704,12938,1.1,NA,NA,2023-09-18 16:31:00
ID,16,16,Idaho,2023-09-09,27661,-5.1,75,4.2,2.4,0.4,2,0.6,2023-09-09,10.5%,Moderate Increase (10.0% to 19.9%),2.0%,Low (1.5% to 2.9%),0,29,2023-09-14,5515,261.4,2023-09-09,2023-09-09,Region 10,1.4,14.4,13.3,12.9,5896,13251,24810,1.5,NA,0,2023-09-18 16:31:00
IL,17,17,Illinois,2023-09-09,229313,7.3,643,5.07,2.4,0.2,1.4,0.2,2023-09-09,-3.2%,Stable (-9.9% to 9.9%),1.9%,Low (1.5% to 2.9%),NA,170,2023-09-14,40378,262.7,2023-09-09,2023-09-09,Region 5,0.5,13.4,12.8,11.9,9869,32191,58351,1.1,NA,NA,2023-09-18 16:31:00
IN,18,18,Indiana,2023-09-09,139379,13.7,331,4.92,2.3,0.4,1.5,0.5,2023-09-09,-5.6%,Stable (-9.9% to 9.9%),1.8%,Low (1.5% to 2.9%),NA,122,2023-09-14,25952,326.9,2023-09-09,2023-09-09,Region 5,0.5,13.4,12.8,11.9,9869,32191,58351,1.6,NA,NA,2023-09-18 16:31:00
KS,20,20,Kansas,2023-09-09,57043,42.3,148,5.08,2,0.4,1.3,0.4,2023-09-09,24.0%,Substantial Increase (> 19.9%),2.3%,Low (1.5% to 2.9%),NA,46,2023-09-14,10596,300.1,2023-09-09,2023-09-09,Region 7,1.4,16.4,15.2,14.4,4975,7704,12938,1.2,NA,NA,2023-09-18 16:31:00
KY,21,21,Kentucky,2023-09-09,155769,25.6,348,7.79,3.1,0.6,2.2,0.4,2023-09-09,-5.3%,Stable (-9.9% to 9.9%),2.5%,Low (1.5% to 2.9%),NA,136,2023-09-14,19985,372,2023-09-09,2023-09-09,Region 4,-0.3,12.7,13.5,13.4,5353,12893,23007,2.7,NA,NA,2023-09-18 16:31:00
LA,22,22,Louisiana,2023-09-09,95970,13.3,384,8.26,3.7,0.4,1.6,-0.4,2023-09-09,-21.8%,Substantial Decrease (< -19.9%),3.0%,Moderate (3.0% to 4.4%),NA,101,2023-09-14,17688,330.6,2023-09-09,2023-09-09,Region 6,-2.3,17.3,19.8,18.7,10428,22175,41688,1.9,NA,NA,2023-09-18 16:31:00
MA,25,25,Massachusetts,2023-09-09,103854,1.1,453,6.57,2.7,0.1,1.7,-0.4,2023-09-09,-0.3%,Stable (-9.9% to 9.9%),1.8%,Low (1.5% to 2.9%),2.9,160,2023-09-14,20964,235.5,2023-09-09,2023-09-09,Region 1,-0.1,12.4,11.5,10.7,4550,7709,14709,1.8,3.6,0.1,2023-09-18 16:31:00
MD,24,24,Maryland,2023-09-09,95912,11.5,290,4.8,3.4,0.5,1.8,0.2,2023-09-09,8.3%,Stable (-9.9% to 9.9%),2.4%,Low (1.5% to 2.9%),NA,133,2023-09-14,18131,248.1,2023-09-09,2023-09-09,Region 3,-1.6,10.4,11.6,9.6,2524,4756,9241,1.8,NA,NA,2023-09-18 16:31:00
ME,23,23,Maine,2023-09-09,15131,-9.5,38,2.83,3.3,0.3,2.4,0.5,2023-09-09,-1.0%,Stable (-9.9% to 9.9%),1.4%,Minimal (< 1.5%),NA,36,2023-09-14,3284,164.1,2023-09-09,2023-09-09,Region 1,-0.1,12.4,11.5,10.7,4550,7709,14709,1.7,NA,NA,2023-09-18 16:31:00
MI,26,26,Michigan,2023-09-09,192640,18.2,415,4.16,2.4,0.5,1.6,0.4,2023-09-09,24.6%,Substantial Increase (> 19.9%),1.9%,Low (1.5% to 2.9%),NA,202,2023-09-14,37753,296.7,2023-09-09,2023-09-09,Region 5,0.5,13.4,12.8,11.9,9869,32191,58351,1.6,NA,NA,2023-09-18 16:31:00
MN,27,27,Minnesota,2023-09-09,78828,2.9,176,3.12,2.3,0.2,1.1,0.1,NA,NA,NA,NA,NA,NA,85,2023-09-14,15544,224.8,2023-09-09,2023-09-09,Region 5,0.5,13.4,12.8,11.9,9869,32191,58351,1.2,NA,NA,2023-09-18 16:31:00
MO,29,29,Missouri,2023-09-09,130512,20.8,418,6.81,2.9,0.3,1.6,-0.3,NA,NA,NA,NA,NA,2.5,93,2023-09-14,22495,290.1,2023-09-09,2023-09-09,Region 7,1.4,16.4,15.2,14.4,4975,7704,12938,1.2,66.7,1,2023-09-18 16:31:00
MP,69,69,Northern Mariana Islands,2023-09-09,0,0,0,0,0,0,0,0,NA,NA,NA,NA,NA,NA,NA,NA,NA,NA,2023-09-09,NA,NA,NA,NA,NA,NA,NA,NA,NA,NA,NA,NA,2023-09-18 16:31:00
MS,28,28,Mississippi,2023-09-09,55838,11.2,149,5.01,3,-0.1,2.2,-0.8,2023-09-09,-16.8%,Moderate Decrease (-19.9% to -10.0%),2.6%,Low (1.5% to 2.9%),NA,126,2023-09-14,14838,428.3,2023-09-09,2023-09-09,Region 4,-0.3,12.7,13.5,13.4,5353,12893,23007,3.6,NA,NA,2023-09-18 16:31:00
MT,30,30,Montana,2023-09-09,30078,11.7,67,6.27,2,0.5,0.9,0.5,2023-09-09,0.9%,Stable (-9.9% to 9.9%),1.7%,Low (1.5% to 2.9%),0,NA,2023-09-14,3870,268.5,2023-09-09,2023-09-09,Region 8,0,12.5,13.5,13.3,2851,4939,8736,NA,NA,0,2023-09-18 16:31:00
NC,37,37,North Carolina,2023-09-09,168222,29.9,625,5.96,3.6,0.4,3.1,0.8,2023-09-09,1.9%,Stable (-9.9% to 9.9%),3.1%,Moderate (3.0% to 4.4%),3.2,296,2023-09-14,33925,271,2023-09-09,2023-09-09,Region 4,-0.3,12.7,13.5,13.4,5353,12893,23007,2.5,52.4,1.1,2023-09-18 16:31:00
ND,38,38,North Dakota,2023-09-09,15044,15,23,3.02,1.2,0,0.9,0.5,2023-09-09,27.8%,Substantial Increase (> 19.9%),1.4%,Minimal (< 1.5%),0,NA,2023-09-14,2638,282.8,2023-09-09,2023-09-09,Region 8,0,12.5,13.5,13.3,2851,4939,8736,NA,NA,0,2023-09-18 16:31:00
NE,31,31,Nebraska,2023-09-09,31540,58.5,65,3.36,1.4,0.4,0.8,0.4,2023-09-09,4.5%,Stable (-9.9% to 9.9%),1.0%,Minimal (< 1.5%),NA,21,2023-09-14,5771,247.8,2023-09-09,2023-09-09,Region 7,1.4,16.4,15.2,14.4,4975,7704,12938,0.9,NA,NA,2023-09-18 16:31:00
NH,33,33,New Hampshire,2023-09-09,18155,-10.7,50,3.68,2.1,0,1.5,-0.1,2023-09-09,-19.6%,Moderate Decrease (-19.9% to -10.0%),1.3%,Minimal (< 1.5%),NA,32,2023-09-14,3294,179.1,2023-09-09,2023-09-09,Region 1,-0.1,12.4,11.5,10.7,4550,7709,14709,1.7,NA,NA,2023-09-18 16:31:00
NJ,34,34,New Jersey,2023-09-09,172516,26.4,450,5.07,2.9,0.6,1.1,0.1,2023-09-09,16.7%,Moderate Increase (10.0% to 19.9%),1.7%,Low (1.5% to 2.9%),2.6,177,2023-09-14,35352,302.2,2023-09-09,2023-09-09,Region 2,1.9,14.9,13.2,12.5,1720,3854,8133,1.5,44.4,0.8,2023-09-18 16:31:00
NM,35,35,New Mexico,2023-09-09,38262,19.3,68,3.24,1.7,0,1.4,-0.1,2023-09-09,-20.8%,Substantial Decrease (< -19.9%),1.6%,Low (1.5% to 2.9%),NA,43,2023-09-14,9338,360.9,2023-09-09,2023-09-09,Region 6,-2.3,17.3,19.8,18.7,10428,22175,41688,1.7,NA,NA,2023-09-18 16:31:00
NV,32,32,Nevada,2023-09-09,64501,24.8,166,5.39,2.3,0.2,49.7,48,2023-09-09,0.5%,Stable (-9.9% to 9.9%),1.7%,Low (1.5% to 2.9%),NA,69,2023-09-14,11934,332.5,2023-09-09,2023-09-09,Region 9,-1.8,13.2,15.5,15.4,2413,11165,20895,2,NA,NA,2023-09-18 16:31:00
NY,36,36,New York,2023-09-09,376301,21.1,1539,7.91,4,0.5,2.5,0.4,2023-09-09,10.1%,Moderate Increase (10.0% to 19.9%),1.7%,Low (1.5% to 2.9%),2.6,434,2023-09-14,81224,314.1,2023-09-09,2023-09-09,Region 2,1.9,14.9,13.2,12.5,1720,3854,8133,1.6,18.2,0.4,2023-09-18 16:31:00
NY-NYC,71,71,New York (excludes NYC),NA,NA,NA,NA,NA,NA,NA,NA,NA,NA,NA,NA,NA,NA,2.7,296,2023-09-14,41859,271.5,2023-09-09,NA,NA,NA,NA,NA,NA,NA,NA,NA,1.9,28.6,0.6,2023-09-18 16:31:00
NYC,57,57,New York City,NA,NA,NA,NA,NA,NA,NA,NA,NA,NA,NA,NA,NA,NA,2.3,138,2023-09-14,39365,377.7,2023-09-09,NA,NA,NA,NA,NA,NA,NA,NA,NA,1.3,-11.5,-0.3,2023-09-18 16:31:00
OH,39,39,Ohio,2023-09-09,260659,34.3,587,5.02,2,0.4,1.4,0.2,2023-09-09,20.4%,Substantial Increase (> 19.9%),2.2%,Low (1.5% to 2.9%),2.3,195,2023-09-14,49755,334.3,2023-09-09,2023-09-09,Region 5,0.5,13.4,12.8,11.9,9869,32191,58351,1.3,53.3,0.8,2023-09-18 16:31:00
OK,40,40,Oklahoma,2023-09-09,109984,20.1,239,6.04,2.6,0.6,2.4,0.8,NA,NA,NA,NA,NA,NA,90,2023-09-14,19545,426.2,2023-09-09,2023-09-09,Region 6,-2.3,17.3,19.8,18.7,10428,22175,41688,2,NA,NA,2023-09-18 16:31:00
OR,41,41,Oregon,2023-09-09,46289,37.6,249,5.9,4,0.6,2.5,0.5,2023-09-09,4.9%,Stable (-9.9% to 9.9%),2.6%,Low (1.5% to 2.9%),NA,90,2023-09-14,9298,176.8,2023-09-09,2023-09-09,Region 10,1.4,14.4,13.3,12.9,5896,13251,24810,1.7,NA,NA,2023-09-18 16:31:00
PA,42,42,Pennsylvania,2023-09-09,245206,30,680,5.31,2.3,0.4,1.5,0.1,2023-09-09,21.0%,Substantial Increase (> 19.9%),1.6%,Low (1.5% to 2.9%),2.4,259,2023-09-14,52712,295.3,2023-09-09,2023-09-09,Region 3,-1.6,10.4,11.6,9.6,2524,4756,9241,1.4,9.1,0.2,2023-09-18 16:31:00
PR,72,72,Puerto Rico,2023-09-09,28896,-25.2,113,3.54,2.4,-0.1,2,0.3,NA,NA,NA,NA,NA,3.5,239,2023-09-14,6392,121.6,2023-09-09,2023-09-09,Region 2,1.9,14.9,13.2,12.5,1720,3854,8133,4.1,29.6,0.8,2023-09-18 16:31:00
PW,70,70,Palau,NA,NA,NA,NA,NA,NA,NA,NA,NA,NA,NA,NA,NA,NA,NA,NA,NA,NA,NA,2023-09-09,NA,NA,NA,NA,NA,NA,NA,NA,NA,NA,NA,NA,2023-09-18 16:31:00
RI,44,44,Rhode Island,2023-09-09,13134,19,50,4.72,3.1,0.5,2,0.8,2023-09-09,0.1%,Stable (-9.9% to 9.9%),1.4%,Minimal (< 1.5%),NA,32,2023-09-14,3987,269.2,2023-09-09,2023-09-09,Region 1,-0.1,12.4,11.5,10.7,4550,7709,14709,2.2,NA,NA,2023-09-18 16:31:00
RMI,68,68,Republic of Marshall Islands,NA,NA,NA,NA,NA,NA,NA,NA,NA,NA,NA,NA,NA,NA,NA,NA,NA,NA,NA,2023-09-09,NA,NA,NA,NA,NA,NA,NA,NA,NA,NA,NA,NA,2023-09-18 16:31:00
SC,45,45,South Carolina,2023-09-09,94975,3.5,386,7.5,3.9,0.2,2,0.3,2023-09-09,-14.4%,Moderate Decrease (-19.9% to -10.0%),3.4%,Moderate (3.0% to 4.4%),3.2,159,2023-09-14,21315,329.2,2023-09-09,2023-09-09,Region 4,-0.3,12.7,13.5,13.4,5353,12893,23007,2.5,52.4,1.1,2023-09-18 16:31:00
SD,46,46,South Dakota,2023-09-09,19223,29.5,57,6.44,2.7,1,2.1,-0.1,2023-09-09,11.4%,Moderate Increase (10.0% to 19.9%),1.2%,Minimal (< 1.5%),NA,13,2023-09-14,3278,299.6,2023-09-09,2023-09-09,Region 8,0,12.5,13.5,13.3,2851,4939,8736,NA,NA,NA,2023-09-18 16:31:00
TN,47,47,Tennessee,2023-09-09,130695,12.3,465,6.81,3.2,0.4,1.8,0.2,2023-09-09,-20.7%,Substantial Decrease (< -19.9%),2.2%,Low (1.5% to 2.9%),2.6,238,2023-09-14,28722,346.1,2023-09-09,2023-09-09,Region 4,-0.3,12.7,13.5,13.4,5353,12893,23007,2.9,-23.5,-0.8,2023-09-18 16:31:00
TX,48,48,Texas,2023-09-09,609129,4.4,2003,6.91,3.4,0.3,2.4,0,2023-09-09,-18.0%,Moderate Decrease (-19.9% to -10.0%),3.0%,Moderate (3.0% to 4.4%),2.1,445,2023-09-14,102325,355.7,2023-09-09,2023-09-09,Region 6,-2.3,17.3,19.8,18.7,10428,22175,41688,1.6,-4.5,-0.1,2023-09-18 16:31:00
USA,0,00,United States of America,2023-09-09,6329246,7.7,20538,6.19,3.2,0.3,2.5,0.6,2023-09-09,-7.3%,Stable (-9.9% to 9.9%),2.2%,Low (1.5% to 2.9%),2.3,7508,2023-09-14,1141782,285.7,2023-09-09,2023-09-09,National,-0.1,14.3,14.5,13.8,50579,120637,222508,1.9,4.5,0.1,2023-09-18 16:31:00
UT,49,49,Utah,2023-09-09,46935,22.5,125,3.9,2,0.6,0.9,-0.1,2023-09-09,16.6%,Moderate Increase (10.0% to 19.9%),2.0%,Low (1.5% to 2.9%),NA,30,2023-09-14,5526,197.5,2023-09-09,2023-09-09,Region 8,0,12.5,13.5,13.3,2851,4939,8736,1.2,NA,NA,2023-09-18 16:31:00
VA,51,51,Virginia,2023-09-09,121440,26.8,478,5.6,3,0.5,2.1,0.1,2023-09-09,3.6%,Stable (-9.9% to 9.9%),2.6%,Low (1.5% to 2.9%),1.7,171,2023-09-14,23615,235.3,2023-09-09,2023-09-09,Region 3,-1.6,10.4,11.6,9.6,2524,4756,9241,1.7,-10.5,-0.2,2023-09-18 16:31:00
VI,78,78,Virgin Islands,2023-09-09,618,-100,0,0,0,-0.8,0,0,NA,NA,NA,NA,NA,NA,NA,NA,NA,NA,2023-09-09,2023-09-09,Region 2,1.9,14.9,13.2,12.5,1720,3854,8133,NA,NA,NA,2023-09-18 16:31:00
VT,50,50,Vermont,2023-09-09,6300,70,34,5.45,2.9,0.1,1,-0.5,2023-09-09,-3.6%,Stable (-9.9% to 9.9%),1.5%,Low (1.5% to 2.9%),NA,36,2023-09-14,1027,117.8,2023-09-09,2023-09-09,Region 1,-0.1,12.4,11.5,10.7,4550,7709,14709,4,NA,NA,2023-09-18 16:31:00
WA,53,53,Washington,2023-09-09,76785,8.7,313,4.11,3.7,0.4,2,-0.1,2023-09-09,6.8%,Stable (-9.9% to 9.9%),2.8%,Low (1.5% to 2.9%),2.8,186,2023-09-14,15071,173.6,2023-09-09,2023-09-09,Region 10,1.4,14.4,13.3,12.9,5896,13251,24810,2.2,-15.2,-0.5,2023-09-18 16:31:00
WI,55,55,Wisconsin,2023-09-09,126410,-5.4,192,3.3,1.6,0,0.9,0.1,2023-09-09,5.3%,Stable (-9.9% to 9.9%),1.3%,Minimal (< 1.5%),NA,91,2023-09-14,17167,232,2023-09-09,2023-09-09,Region 5,0.5,13.4,12.8,11.9,9869,32191,58351,1.2,NA,NA,2023-09-18 16:31:00
WV,54,54,West Virginia,2023-09-09,42385,17.7,146,8.15,3.2,0.5,2.2,-0.4,2023-09-09,4.9%,Stable (-9.9% to 9.9%),2.4%,Low (1.5% to 2.9%),3.6,44,2023-09-14,8653,348,2023-09-09,2023-09-09,Region 3,-1.6,10.4,11.6,9.6,2524,4756,9241,1.8,NA,NA,2023-09-18 16:31:00
WY,56,56,Wyoming,2023-09-09,11401,200,33,5.7,2.8,1.6,0.8,0.6,2023-09-09,-0.2%,Stable (-9.9% to 9.9%),1.6%,Low (1.5% to 2.9%),NA,12,2023-09-14,2143,304.2,2023-09-09,2023-09-09,Region 8,0,12.5,13.5,13.3,2851,4939,8736,NA,NA,NA,2023-09-18 16:31:00
AK,2,02,Alaska,2023-09-02,9707,61.9,34,4.65,1.7,0.5,0.8,0.1,2023-09-02,11.1%,Moderate Increase (10.0% to 19.9%),2.2%,Low (1.5% to 2.9%),NA,16,2023-09-06,1514,226.9,2023-09-02,2023-09-02,Region 10,-0.2,13.1,12.9,12.4,5864,12380,23221,NA,NA,NA,2023-09-11 14:58:00
AL,1,01,Alabama,2023-09-02,116641,8.5,410,8.36,3.7,0.6,3.1,0.4,2023-09-02,-26.1%,Substantial Decrease (< -19.9%),3.6%,Moderate (3.0% to 4.4%),NA,130,2023-09-06,22354,359,2023-09-02,2023-09-02,Region 4,-0.7,13.2,13.9,13,4808,11925,21373,2.1,NA,NA,2023-09-11 14:58:00
AR,5,05,Arkansas,2023-09-02,67118,9.4,222,7.36,2.8,0.4,2,0.4,2023-09-02,14.1%,Moderate Increase (10.0% to 19.9%),2.9%,Low (1.5% to 2.9%),NA,73,2023-09-06,12544,337.9,2023-09-02,2023-09-02,Region 6,-0.5,20.3,19.6,18.4,4095,20362,34103,2,NA,NA,2023-09-11 14:58:00
AS,60,60,American Samoa,2023-09-02,0,0,0,0,0,0,0,0,NA,NA,NA,NA,NA,NA,NA,NA,NA,NA,2023-09-02,NA,NA,NA,NA,NA,NA,NA,NA,NA,NA,NA,NA,2023-09-11 14:58:00
AZ,4,04,Arizona,2023-09-02,153292,11.6,279,3.83,1.7,0.2,0.9,0.1,2023-09-02,-8.1%,Stable (-9.9% to 9.9%),1.5%,Low (1.5% to 2.9%),3.4,166,2023-09-06,29703,324.7,2023-09-02,2023-09-02,Region 9,-2.4,14.2,16.1,14.7,2657,8527,17746,1.8,NA,NA,2023-09-11 14:58:00
CA,6,06,California,2023-09-02,606530,3,2642,6.69,4.1,0.3,2.2,0.3,2023-09-02,-1.7%,Stable (-9.9% to 9.9%),2.2%,Low (1.5% to 2.9%),2.7,717,2023-09-06,108806,245.5,2023-09-02,2023-09-02,Region 9,-2.4,14.2,16.1,14.7,2657,8527,17746,1.7,17.4,0.4,2023-09-11 14:58:00
CO,8,08,Colorado,2023-09-02,96575,24.6,238,4.13,1.6,0.2,0.8,-0.1,2023-09-02,8.7%,Stable (-9.9% to 9.9%),1.5%,Low (1.5% to 2.9%),NA,92,2023-09-06,14968,246.9,2023-09-02,2023-09-02,Region 8,-2.4,12.5,14,12.8,2729,4233,7536,1.6,NA,NA,2023-09-11 14:58:00
CT,9,09,Connecticut,2023-09-02,64516,6,195,5.47,2.2,0.3,0.8,0.1,2023-09-02,11.7%,Moderate Increase (10.0% to 19.9%),1.9%,Low (1.5% to 2.9%),0,49,2023-09-06,12286,251.8,2023-09-02,2023-09-02,Region 1,1.1,11.6,10.1,9.9,3396,7505,13489,1,NA,NA,2023-09-11 14:58:00
DC,11,11,District of Columbia,2023-09-02,16357,90.2,78,11.05,3,1.1,1.6,0.5,2023-09-02,8.9%,Stable (-9.9% to 9.9%),2.0%,Low (1.5% to 2.9%),0,NA,2023-09-06,1869,280.9,2023-09-02,2023-09-02,Region 3,0.9,12.8,9.9,8.3,1068,3348,7178,NA,NA,0,2023-09-11 14:58:00
DE,10,10,Delaware,2023-09-02,20071,-25,27,2.77,3,1.1,4,2.3,2023-09-02,16.6%,Moderate Increase (10.0% to 19.9%),1.3%,Minimal (< 1.5%),0,25,2023-09-06,3456,258.6,2023-09-02,2023-09-02,Region 3,0.9,12.8,9.9,8.3,1068,3348,7178,1.7,NA,NA,2023-09-11 14:58:00
FL,12,12,Florida,2023-09-02,568353,4.4,2536,11.81,4.7,0.5,3.3,0.2,2023-09-02,-9.1%,Stable (-9.9% to 9.9%),4.0%,Moderate (3.0% to 4.4%),3.5,970,2023-09-06,79898,248.8,2023-09-02,2023-09-02,Region 4,-0.7,13.2,13.9,13,4808,11925,21373,2.9,-2.8,-0.1,2023-09-11 14:58:00
FSM,64,64,Federated States of Micronesia,NA,NA,NA,NA,NA,NA,NA,NA,NA,NA,NA,NA,NA,NA,NA,NA,NA,NA,NA,2023-09-02,NA,NA,NA,NA,NA,NA,NA,NA,NA,NA,NA,NA,2023-09-11 14:58:00
GA,13,13,Georgia,2023-09-02,238738,-19.4,618,5.82,4,0.3,3.6,1,2023-09-02,-21.9%,Substantial Decrease (< -19.9%),2.0%,Low (1.5% to 2.9%),NA,199,2023-09-06,36142,316.3,2023-09-02,2023-09-02,Region 4,-0.7,13.2,13.9,13,4808,11925,21373,1.9,NA,NA,2023-09-11 14:58:00
GU,66,66,Guam,2023-09-02,6163,-12.5,7,4.15,5,2.7,7.7,4.1,2023-09-02,-74.2%,Substantial Decrease (< -19.9%),0.4%,Minimal (< 1.5%),NA,NA,NA,NA,NA,2023-09-02,NA,NA,NA,NA,NA,NA,NA,NA,NA,NA,NA,NA,2023-09-11 14:58:00
HI,15,15,Hawaii,2023-09-02,19385,-23.1,103,7.27,5.2,-0.4,1.8,-0.4,2023-09-02,-8.1%,Stable (-9.9% to 9.9%),3.9%,Moderate (3.0% to 4.4%),NA,61,2023-09-06,1953,97.9,2023-09-02,2023-09-02,Region 9,-2.4,14.2,16.1,14.7,2657,8527,17746,2.9,NA,NA,2023-09-11 14:58:00
IA,19,19,Iowa,2023-09-02,54184,19.2,143,4.53,2.2,0.3,1.3,0.3,2023-09-02,4.3%,Stable (-9.9% to 9.9%),2.3%,Low (1.5% to 2.9%),NA,39,2023-09-06,11113,269.2,2023-09-02,2023-09-02,Region 7,-0.2,14.5,14.1,12.9,4164,5595,10244,0.9,NA,NA,2023-09-11 14:58:00
ID,16,16,Idaho,2023-09-02,27587,31.1,80,4.48,2.1,0,1.4,0.6,2023-09-02,30.0%,Substantial Increase (> 19.9%),1.8%,Low (1.5% to 2.9%),0,31,2023-09-06,5514,261.3,2023-09-02,2023-09-02,Region 10,-0.2,13.1,12.9,12.4,5864,12380,23221,1.6,NA,NA,2023-09-11 14:58:00
IL,17,17,Illinois,2023-09-02,228667,7.4,597,4.71,2.2,0.2,1.2,0.1,2023-09-02,1.6%,Stable (-9.9% to 9.9%),1.9%,Low (1.5% to 2.9%),NA,159,2023-09-06,40358,262.6,2023-09-02,2023-09-02,Region 5,0.5,11.6,11.3,10.5,11251,30777,54117,1,NA,NA,2023-09-11 14:58:00
IN,18,18,Indiana,2023-09-02,139048,10.6,291,4.32,1.9,0.1,1.1,0.3,2023-09-02,-3.4%,Stable (-9.9% to 9.9%),1.8%,Low (1.5% to 2.9%),NA,121,2023-09-06,25934,326.6,2023-09-02,2023-09-02,Region 5,0.5,11.6,11.3,10.5,11251,30777,54117,1.6,NA,NA,2023-09-11 14:58:00
KS,20,20,Kansas,2023-09-02,56899,9.1,108,3.71,1.6,0.1,0.9,0.1,2023-09-02,13.9%,Moderate Increase (10.0% to 19.9%),1.8%,Low (1.5% to 2.9%),NA,42,2023-09-06,10589,300,2023-09-02,2023-09-02,Region 7,-0.2,14.5,14.1,12.9,4164,5595,10244,1.1,NA,NA,2023-09-11 14:58:00
KY,21,21,Kentucky,2023-09-02,155421,24.8,277,6.2,2.5,0.5,1.8,0.7,2023-09-02,4.6%,Stable (-9.9% to 9.9%),2.5%,Low (1.5% to 2.9%),0,131,2023-09-06,19965,371.6,2023-09-02,2023-09-02,Region 4,-0.7,13.2,13.9,13,4808,11925,21373,2.6,-100,-3.2,2023-09-11 14:58:00
LA,22,22,Louisiana,2023-09-02,95591,2.7,344,7.4,3.3,0.4,1.9,0.3,2023-09-02,-11.0%,Moderate Decrease (-19.9% to -10.0%),3.6%,Moderate (3.0% to 4.4%),0,65,2023-09-06,17644,329.8,2023-09-02,2023-09-02,Region 6,-0.5,20.3,19.6,18.4,4095,20362,34103,1.3,NA,0,2023-09-11 14:58:00
MA,25,25,Massachusetts,2023-09-02,103579,28.2,454,6.59,2.6,0.2,2,0.1,2023-09-02,9.3%,Stable (-9.9% to 9.9%),1.8%,Low (1.5% to 2.9%),3.5,129,2023-09-06,20923,235.1,2023-09-02,2023-09-02,Region 1,1.1,11.6,10.1,9.9,3396,7505,13489,1.5,59.1,1.3,2023-09-11 14:58:00
MD,24,24,Maryland,2023-09-02,95622,12.6,260,4.3,2.9,0.6,1.5,0.4,2023-09-02,15.9%,Moderate Increase (10.0% to 19.9%),2.2%,Low (1.5% to 2.9%),NA,129,2023-09-06,18115,247.9,2023-09-02,2023-09-02,Region 3,0.9,12.8,9.9,8.3,1068,3348,7178,1.8,NA,NA,2023-09-11 14:58:00
ME,23,23,Maine,2023-09-02,15093,61.5,42,3.12,3,0.7,1.9,0.2,2023-09-02,-26.5%,Substantial Decrease (< -19.9%),1.1%,Minimal (< 1.5%),NA,30,2023-09-06,3274,163.6,2023-09-02,2023-09-02,Region 1,1.1,11.6,10.1,9.9,3396,7505,13489,1.4,NA,NA,2023-09-11 14:58:00
MI,26,26,Michigan,2023-09-02,192223,15.8,351,3.51,1.9,0.4,1.2,0.4,2023-09-02,13.3%,Moderate Increase (10.0% to 19.9%),1.5%,Low (1.5% to 2.9%),NA,184,2023-09-06,37724,296.5,2023-09-02,2023-09-02,Region 5,0.5,11.6,11.3,10.5,11251,30777,54117,1.5,NA,NA,2023-09-11 14:58:00
MN,27,27,Minnesota,2023-09-02,78652,-2.8,171,3.03,2.1,0.2,1,0.1,NA,NA,NA,NA,NA,NA,87,2023-09-06,15530,224.6,2023-09-02,2023-09-02,Region 5,0.5,11.6,11.3,10.5,11251,30777,54117,1.3,NA,NA,2023-09-11 14:58:00
MO,29,29,Missouri,2023-09-02,130090,20,342,5.57,2.7,0.5,1.9,0.1,NA,NA,NA,NA,NA,NA,79,2023-09-06,22468,289.7,2023-09-02,2023-09-02,Region 7,-0.2,14.5,14.1,12.9,4164,5595,10244,1,NA,NA,2023-09-11 14:58:00
MP,69,69,Northern Mariana Islands,2023-09-02,0,0,0,0,0,0,0,0,NA,NA,NA,NA,NA,NA,NA,NA,NA,NA,2023-09-02,NA,NA,NA,NA,NA,NA,NA,NA,NA,NA,NA,NA,2023-09-11 14:58:00
MS,28,28,Mississippi,2023-09-02,55689,-24.3,134,4.5,3.1,-0.1,3,0,2023-09-02,-15.8%,Moderate Decrease (-19.9% to -10.0%),3.2%,Moderate (3.0% to 4.4%),NA,111,2023-09-06,14814,427.7,2023-09-02,2023-09-02,Region 4,-0.7,13.2,13.9,13,4808,11925,21373,3.2,NA,NA,2023-09-11 14:58:00
MT,30,30,Montana,2023-09-02,30011,13.2,60,5.61,1.5,0,0.4,0,2023-09-02,-0.4%,Stable (-9.9% to 9.9%),1.5%,Low (1.5% to 2.9%),0,NA,2023-09-06,3870,268.5,2023-09-02,2023-09-02,Region 8,-2.4,12.5,14,12.8,2729,4233,7536,NA,NA,NA,2023-09-11 14:58:00
NC,37,37,North Carolina,2023-09-02,167597,2.6,481,4.59,3.2,0.4,2.3,0.2,2023-09-02,4.2%,Stable (-9.9% to 9.9%),2.9%,Low (1.5% to 2.9%),NA,269,2023-09-06,33873,270.5,2023-09-02,2023-09-02,Region 4,-0.7,13.2,13.9,13,4808,11925,21373,2.2,NA,NA,2023-09-11 14:58:00
ND,38,38,North Dakota,2023-09-02,15021,-4.8,20,2.62,1.3,0.2,0.3,-0.4,2023-09-02,24.4%,Substantial Increase (> 19.9%),1.0%,Minimal (< 1.5%),0,NA,2023-09-06,2638,282.8,2023-09-02,2023-09-02,Region 8,-2.4,12.5,14,12.8,2729,4233,7536,NA,NA,0,2023-09-11 14:58:00
NE,31,31,Nebraska,2023-09-02,31476,-6.7,42,2.17,1,-0.1,0.4,0,2023-09-02,-4.6%,Stable (-9.9% to 9.9%),0.9%,Minimal (< 1.5%),NA,18,2023-09-06,5766,247.6,2023-09-02,2023-09-02,Region 7,-0.2,14.5,14.1,12.9,4164,5595,10244,NA,NA,NA,2023-09-11 14:58:00
NH,33,33,New Hampshire,2023-09-02,18105,30.2,56,4.12,2,0.4,1.6,-0.3,2023-09-02,8.2%,Stable (-9.9% to 9.9%),1.5%,Low (1.5% to 2.9%),NA,31,2023-09-06,3288,178.8,2023-09-02,2023-09-02,Region 1,1.1,11.6,10.1,9.9,3396,7505,13489,1.6,NA,NA,2023-09-11 14:58:00
NJ,34,34,New Jersey,2023-09-02,172062,14.1,355,4,2.3,0.2,1,0.2,2023-09-02,11.0%,Moderate Increase (10.0% to 19.9%),1.4%,Minimal (< 1.5%),NA,148,2023-09-06,35312,301.8,2023-09-02,2023-09-02,Region 2,-0.8,12.2,13,11.7,1120,3865,8461,1.3,NA,NA,2023-09-11 14:58:00
NM,35,35,New Mexico,2023-09-02,38194,50,57,2.72,1.7,0.3,1.5,0.4,2023-09-02,-12.9%,Moderate Decrease (-19.9% to -10.0%),1.9%,Low (1.5% to 2.9%),NA,35,2023-09-06,9326,360.4,2023-09-02,2023-09-02,Region 6,-0.5,20.3,19.6,18.4,4095,20362,34103,1.4,NA,NA,2023-09-11 14:58:00
NV,32,32,Nevada,2023-09-02,64333,0.8,131,4.25,2.2,0,1.7,0,2023-09-02,-14.0%,Moderate Decrease (-19.9% to -10.0%),1.6%,Low (1.5% to 2.9%),NA,60,2023-09-06,11918,332.1,2023-09-02,2023-09-02,Region 9,-2.4,14.2,16.1,14.7,2657,8527,17746,1.7,NA,NA,2023-09-11 14:58:00
NY,36,36,New York,2023-09-02,374753,14.1,1262,6.49,3.5,0.3,2.1,0.1,2023-09-02,5.2%,Stable (-9.9% to 9.9%),1.5%,Low (1.5% to 2.9%),2.2,386,2023-09-06,81138,313.7,2023-09-02,2023-09-02,Region 2,-0.8,12.2,13,11.7,1120,3865,8461,1.5,4.8,0.1,2023-09-11 14:58:00
NY-NYC,71,71,New York (excludes NYC),NA,NA,NA,NA,NA,NA,NA,NA,NA,NA,NA,NA,NA,NA,2,267,2023-09-06,41801,271.1,2023-09-02,NA,NA,NA,NA,NA,NA,NA,NA,NA,1.7,-4.8,-0.1,2023-09-11 14:58:00
NYC,57,57,New York City,NA,NA,NA,NA,NA,NA,NA,NA,NA,NA,NA,NA,NA,NA,2.6,119,2023-09-06,39337,377.4,2023-09-02,NA,NA,NA,NA,NA,NA,NA,NA,NA,1.1,23.8,0.5,2023-09-11 14:58:00
OH,39,39,Ohio,2023-09-02,260072,18.8,437,3.74,1.6,0.3,1.2,0.4,2023-09-02,22.8%,Substantial Increase (> 19.9%),1.8%,Low (1.5% to 2.9%),NA,178,2023-09-06,49719,334.1,2023-09-02,2023-09-02,Region 5,0.5,11.6,11.3,10.5,11251,30777,54117,1.2,NA,NA,2023-09-11 14:58:00
OK,40,40,Oklahoma,2023-09-02,109745,53.1,199,5.03,2.1,0.2,1.6,0.7,NA,NA,NA,NA,NA,NA,78,2023-09-06,19524,425.8,2023-09-02,2023-09-02,Region 6,-0.5,20.3,19.6,18.4,4095,20362,34103,1.7,NA,NA,2023-09-11 14:58:00
OR,41,41,Oregon,2023-09-02,46032,4.2,175,4.15,3.3,0.4,2.1,-0.3,2023-09-02,2.9%,Stable (-9.9% to 9.9%),2.4%,Low (1.5% to 2.9%),NA,97,2023-09-06,9286,176.6,2023-09-02,2023-09-02,Region 10,-0.2,13.1,12.9,12.4,5864,12380,23221,1.9,NA,NA,2023-09-11 14:58:00
PA,42,42,Pennsylvania,2023-09-02,244537,18.4,535,4.18,1.9,0.4,1.4,0.3,2023-09-02,25.5%,Substantial Increase (> 19.9%),1.3%,Minimal (< 1.5%),2.2,243,2023-09-06,52670,295,2023-09-02,2023-09-02,Region 3,0.9,12.8,9.9,8.3,1068,3348,7178,1.3,37.5,0.6,2023-09-11 14:58:00
PR,72,72,Puerto Rico,2023-09-02,28787,27,155,4.85,2.5,-0.3,1.6,-0.1,NA,NA,NA,NA,NA,NA,249,2023-09-06,6369,121.2,2023-09-02,2023-09-02,Region 2,-0.8,12.2,13,11.7,1120,3865,8461,4.3,NA,NA,2023-09-11 14:58:00
PW,70,70,Palau,NA,NA,NA,NA,NA,NA,NA,NA,NA,NA,NA,NA,NA,NA,NA,NA,NA,NA,NA,2023-09-02,NA,NA,NA,NA,NA,NA,NA,NA,NA,NA,NA,NA,2023-09-11 14:58:00
RI,44,44,Rhode Island,2023-09-02,13084,23.5,42,3.96,2.6,0.5,1.2,-1,2023-09-02,-9.0%,Stable (-9.9% to 9.9%),1.2%,Minimal (< 1.5%),NA,23,2023-09-06,3978,268.6,2023-09-02,2023-09-02,Region 1,1.1,11.6,10.1,9.9,3396,7505,13489,1.6,NA,NA,2023-09-11 14:58:00
RMI,68,68,Republic of Marshall Islands,NA,NA,NA,NA,NA,NA,NA,NA,NA,NA,NA,NA,NA,NA,NA,NA,NA,NA,NA,2023-09-02,NA,NA,NA,NA,NA,NA,NA,NA,NA,NA,NA,NA,2023-09-11 14:58:00
SC,45,45,South Carolina,2023-09-02,94579,18,373,7.24,3.7,0.9,1.7,-0.1,2023-09-02,0.8%,Stable (-9.9% to 9.9%),3.9%,Moderate (3.0% to 4.4%),NA,136,2023-09-06,21259,328.3,2023-09-02,2023-09-02,Region 4,-0.7,13.2,13.9,13,4808,11925,21373,2.1,NA,NA,2023-09-11 14:58:00
SD,46,46,South Dakota,2023-09-02,19166,37.5,44,4.97,1.8,0.3,2.1,1.3,2023-09-02,5.8%,Stable (-9.9% to 9.9%),1.0%,Minimal (< 1.5%),0,NA,2023-09-06,3273,299.1,2023-09-02,2023-09-02,Region 8,-2.4,12.5,14,12.8,2729,4233,7536,NA,NA,0,2023-09-11 14:58:00
TN,47,47,Tennessee,2023-09-02,130232,5.3,416,6.09,2.8,0.4,1.7,0.1,2023-09-02,-15.1%,Moderate Decrease (-19.9% to -10.0%),2.7%,Low (1.5% to 2.9%),3.5,198,2023-09-06,28671,345.5,2023-09-02,2023-09-02,Region 4,-0.7,13.2,13.9,13,4808,11925,21373,2.4,40,1,2023-09-11 14:58:00
TX,48,48,Texas,2023-09-02,607125,17,1918,6.61,3.1,0.5,2.4,0.5,2023-09-02,3.1%,Stable (-9.9% to 9.9%),3.6%,Moderate (3.0% to 4.4%),2.5,398,2023-09-06,102239,355.4,2023-09-02,2023-09-02,Region 6,-0.5,20.3,19.6,18.4,4095,20362,34103,1.5,78.6,1.1,2023-09-11 14:58:00
USA,0,00,United States of America,2023-09-02,6308630,8.7,18871,5.68,2.9,0.3,1.9,0.3,2023-09-02,-1.5%,Stable (-9.9% to 9.9%),2.3%,Low (1.5% to 2.9%),2.1,6643,2023-09-06,1140278,285.4,2023-09-02,2023-09-02,National,-0.6,13.5,13.9,12.9,41152,108517,197468,1.7,10.5,0.2,2023-09-11 14:58:00
UT,49,49,Utah,2023-09-02,46810,3,102,3.18,1.4,0.1,1,0.1,2023-09-02,30.7%,Substantial Increase (> 19.9%),1.7%,Low (1.5% to 2.9%),0,31,2023-09-06,5520,197.2,2023-09-02,2023-09-02,Region 8,-2.4,12.5,14,12.8,2729,4233,7536,1.2,NA,NA,2023-09-11 14:58:00
VA,51,51,Virginia,2023-09-02,120962,4.7,377,4.42,2.5,0.3,2,0.2,2023-09-02,3.7%,Stable (-9.9% to 9.9%),2.5%,Low (1.5% to 2.9%),NA,144,2023-09-06,23578,234.9,2023-09-02,2023-09-02,Region 3,0.9,12.8,9.9,8.3,1068,3348,7178,1.5,NA,NA,2023-09-11 14:58:00
VI,78,78,Virgin Islands,2023-09-02,618,0,1,0.94,0.8,-0.4,0,-1.7,NA,NA,NA,NA,NA,NA,NA,NA,NA,NA,2023-09-02,2023-09-02,Region 2,-0.8,12.2,13,11.7,1120,3865,8461,NA,NA,NA,2023-09-11 14:58:00
VT,50,50,Vermont,2023-09-02,6266,-13,20,3.21,2.9,0.2,1.5,0,2023-09-02,7.3%,Stable (-9.9% to 9.9%),1.4%,Minimal (< 1.5%),NA,30,2023-09-06,1020,117,2023-09-02,2023-09-02,Region 1,1.1,11.6,10.1,9.9,3396,7505,13489,3.4,NA,NA,2023-09-11 14:58:00
WA,53,53,Washington,2023-09-02,76474,2.5,290,3.81,3.4,0.5,2.1,0.4,2023-09-02,5.6%,Stable (-9.9% to 9.9%),2.5%,Low (1.5% to 2.9%),NA,157,2023-09-06,15029,173.1,2023-09-02,2023-09-02,Region 10,-0.2,13.1,12.9,12.4,5864,12380,23221,1.9,NA,NA,2023-09-11 14:58:00
WI,55,55,Wisconsin,2023-09-02,126220,4.6,205,3.52,1.6,0.2,0.9,0.1,2023-09-02,14.6%,Moderate Increase (10.0% to 19.9%),1.2%,Minimal (< 1.5%),NA,83,2023-09-06,17150,231.8,2023-09-02,2023-09-02,Region 5,0.5,11.6,11.3,10.5,11251,30777,54117,1.1,NA,NA,2023-09-11 14:58:00
WV,54,54,West Virginia,2023-09-02,42239,42.5,124,6.92,2.8,0.8,2.6,0.6,2023-09-02,31.6%,Substantial Increase (> 19.9%),2.1%,Low (1.5% to 2.9%),NA,29,2023-09-06,8635,347.2,2023-09-02,2023-09-02,Region 3,0.9,12.8,9.9,8.3,1068,3348,7178,1.2,NA,NA,2023-09-11 14:58:00
WY,56,56,Wyoming,2023-09-02,11368,-56,11,1.9,1.2,-0.6,0.1,-1.2,2023-09-02,-18.0%,Moderate Decrease (-19.9% to -10.0%),1.3%,Minimal (< 1.5%),0,NA,2023-09-06,2140,303.7,2023-09-02,2023-09-02,Region 8,-2.4,12.5,14,12.8,2729,4233,7536,NA,NA,0,2023-09-11 14:58:00
AK,2,02,Alaska,2023-08-26,9673,5,21,2.87,1.3,0.1,0.6,0.3,2023-09-02,11.1%,Moderate Increase (10.0% to 19.9%),2.2%,Low (1.5% to 2.9%),NA,16,2023-09-06,1514,226.9,2023-09-02,2023-09-02,Region 10,-0.2,13.1,12.9,12.4,5864,12380,23221,NA,NA,NA,2023-09-07T15:40:00Z
AL,1,01,Alabama,2023-08-26,116223,19.5,374,7.63,3.1,0.5,2.7,0.5,2023-09-02,-26.1%,Substantial Decrease (< -19.9%),3.6%,Moderate (3.0% to 4.4%),NA,130,2023-09-06,22354,359,2023-09-02,2023-09-02,Region 4,-0.7,13.2,13.9,13,4808,11925,21373,2.1,NA,NA,2023-09-07T15:40:00Z
AR,5,05,Arkansas,2023-08-26,66900,31,207,6.86,2.4,0.6,1.6,0.7,2023-09-02,14.1%,Moderate Increase (10.0% to 19.9%),2.9%,Low (1.5% to 2.9%),NA,73,2023-09-06,12544,337.9,2023-09-02,2023-09-02,Region 6,-0.5,20.3,19.6,18.4,4095,20362,34103,2,NA,NA,2023-09-07T15:40:00Z
AS,60,60,American Samoa,2023-08-26,0,0,0,0,0,0,0,0,NA,NA,NA,NA,NA,NA,NA,NA,NA,NA,2023-09-02,NA,NA,NA,NA,NA,NA,NA,NA,NA,NA,NA,NA,2023-09-07T15:40:00Z
AZ,4,04,Arizona,2023-08-26,153016,18.2,253,3.48,1.5,0.3,0.8,0.2,2023-09-02,-8.1%,Stable (-9.9% to 9.9%),1.5%,Low (1.5% to 2.9%),3.4,166,2023-09-06,29703,324.7,2023-09-02,2023-09-02,Region 9,-2.4,14.2,16.1,14.7,2657,8527,17746,1.8,NA,NA,2023-09-07T15:40:00Z
CA,6,06,California,2023-08-26,603916,12,2593,6.56,3.8,0.6,1.9,0.2,2023-09-02,-1.7%,Stable (-9.9% to 9.9%),2.2%,Low (1.5% to 2.9%),2.7,717,2023-09-06,108806,245.5,2023-09-02,2023-09-02,Region 9,-2.4,14.2,16.1,14.7,2657,8527,17746,1.7,17.4,0.4,2023-09-07T15:40:00Z
CO,8,08,Colorado,2023-08-26,96337,31.7,191,3.32,1.4,0.1,0.9,0.1,2023-09-02,8.7%,Stable (-9.9% to 9.9%),1.5%,Low (1.5% to 2.9%),NA,92,2023-09-06,14968,246.9,2023-09-02,2023-09-02,Region 8,-2.4,12.5,14,12.8,2729,4233,7536,1.6,NA,NA,2023-09-07T15:40:00Z
CT,9,09,Connecticut,2023-08-26,64321,-0.5,184,5.16,1.9,0,0.7,0.2,2023-09-02,11.7%,Moderate Increase (10.0% to 19.9%),1.9%,Low (1.5% to 2.9%),0,49,2023-09-06,12286,251.8,2023-09-02,2023-09-02,Region 1,1.1,11.6,10.1,9.9,3396,7505,13489,1,NA,NA,2023-09-07T15:40:00Z
DC,11,11,District of Columbia,2023-08-26,16280,20,42,5.95,1.9,0.2,1.1,0.6,2023-09-02,8.9%,Stable (-9.9% to 9.9%),2.0%,Low (1.5% to 2.9%),0,NA,2023-09-06,1869,280.9,2023-09-02,2023-09-02,Region 3,0.9,12.8,9.9,8.3,1068,3348,7178,NA,NA,0,2023-09-07T15:40:00Z
DE,10,10,Delaware,2023-08-26,20044,16.1,36,3.7,1.8,0.6,1.7,1,2023-09-02,16.6%,Moderate Increase (10.0% to 19.9%),1.3%,Minimal (< 1.5%),0,25,2023-09-06,3456,258.6,2023-09-02,2023-09-02,Region 3,0.9,12.8,9.9,8.3,1068,3348,7178,1.7,NA,NA,2023-09-07T15:40:00Z
FL,12,12,Florida,2023-08-26,565772,15.2,2406,11.2,4.2,0.3,3.1,0,2023-09-02,-9.1%,Stable (-9.9% to 9.9%),4.0%,Moderate (3.0% to 4.4%),3.5,970,2023-09-06,79898,248.8,2023-09-02,2023-09-02,Region 4,-0.7,13.2,13.9,13,4808,11925,21373,2.9,-2.8,-0.1,2023-09-07T15:40:00Z
FSM,64,64,Federated States of Micronesia,NA,NA,NA,NA,NA,NA,NA,NA,NA,NA,NA,NA,NA,NA,NA,NA,NA,NA,NA,2023-09-02,NA,NA,NA,NA,NA,NA,NA,NA,NA,NA,NA,NA,2023-09-07T15:40:00Z
GA,13,13,Georgia,2023-08-26,238125,23.7,772,7.27,3.7,0.8,2.6,0.3,2023-09-02,-21.9%,Substantial Decrease (< -19.9%),2.0%,Low (1.5% to 2.9%),NA,199,2023-09-06,36142,316.3,2023-09-02,2023-09-02,Region 4,-0.7,13.2,13.9,13,4808,11925,21373,1.9,NA,NA,2023-09-07T15:40:00Z
GU,66,66,Guam,2023-08-26,6155,40,7,4.15,2.4,1.1,3.6,-0.5,2023-09-02,-74.2%,Substantial Decrease (< -19.9%),0.4%,Minimal (< 1.5%),NA,NA,NA,NA,NA,2023-09-02,NA,NA,NA,NA,NA,NA,NA,NA,NA,NA,NA,NA,2023-09-07T15:40:00Z
HI,15,15,Hawaii,2023-08-26,19282,-3.6,134,9.46,5.6,0.1,2.2,0.5,2023-09-02,-8.1%,Stable (-9.9% to 9.9%),3.9%,Moderate (3.0% to 4.4%),NA,61,2023-09-06,1953,97.9,2023-09-02,2023-09-02,Region 9,-2.4,14.2,16.1,14.7,2657,8527,17746,2.9,NA,NA,2023-09-07T15:40:00Z
IA,19,19,Iowa,2023-08-26,54044,12.8,123,3.9,1.9,0.3,0.9,0.1,2023-09-02,4.3%,Stable (-9.9% to 9.9%),2.3%,Low (1.5% to 2.9%),NA,39,2023-09-06,11113,269.2,2023-09-02,2023-09-02,Region 7,-0.2,14.5,14.1,12.9,4164,5595,10244,0.9,NA,NA,2023-09-07T15:40:00Z
ID,16,16,Idaho,2023-08-26,27507,10.9,61,3.41,2,0.3,0.9,0.3,2023-09-02,30.0%,Substantial Increase (> 19.9%),1.8%,Low (1.5% to 2.9%),0,31,2023-09-06,5514,261.3,2023-09-02,2023-09-02,Region 10,-0.2,13.1,12.9,12.4,5864,12380,23221,1.6,NA,NA,2023-09-07T15:40:00Z
IL,17,17,Illinois,2023-08-26,228065,24.7,551,4.35,2,0.4,1.1,0.2,2023-09-02,1.6%,Stable (-9.9% to 9.9%),1.9%,Low (1.5% to 2.9%),NA,159,2023-09-06,40358,262.6,2023-09-02,2023-09-02,Region 5,0.5,11.6,11.3,10.5,11251,30777,54117,1,NA,NA,2023-09-07T15:40:00Z
IN,18,18,Indiana,2023-08-26,138773,43.8,279,4.14,1.8,0.5,0.8,0.1,2023-09-02,-3.4%,Stable (-9.9% to 9.9%),1.8%,Low (1.5% to 2.9%),NA,121,2023-09-06,25934,326.6,2023-09-02,2023-09-02,Region 5,0.5,11.6,11.3,10.5,11251,30777,54117,1.6,NA,NA,2023-09-07T15:40:00Z
KS,20,20,Kansas,2023-08-26,56800,89.5,108,3.71,1.5,0.5,0.9,0.4,2023-09-02,13.9%,Moderate Increase (10.0% to 19.9%),1.8%,Low (1.5% to 2.9%),NA,42,2023-09-06,10589,300,2023-09-02,2023-09-02,Region 7,-0.2,14.5,14.1,12.9,4164,5595,10244,1.1,NA,NA,2023-09-07T15:40:00Z
KY,21,21,Kentucky,2023-08-26,155144,16.8,222,4.97,2,0.3,1.2,0.2,2023-09-02,4.6%,Stable (-9.9% to 9.9%),2.5%,Low (1.5% to 2.9%),0,131,2023-09-06,19965,371.6,2023-09-02,2023-09-02,Region 4,-0.7,13.2,13.9,13,4808,11925,21373,2.6,-100,-3.2,2023-09-07T15:40:00Z
LA,22,22,Louisiana,2023-08-26,95252,12.6,340,7.31,3,0.3,1.7,0.5,2023-09-02,-11.0%,Moderate Decrease (-19.9% to -10.0%),3.6%,Moderate (3.0% to 4.4%),0,65,2023-09-06,17644,329.8,2023-09-02,2023-09-02,Region 6,-0.5,20.3,19.6,18.4,4095,20362,34103,1.3,NA,0,2023-09-07T15:40:00Z
MA,25,25,Massachusetts,2023-08-26,103125,4.7,354,5.14,2.3,0.3,1.9,0.1,2023-09-02,9.3%,Stable (-9.9% to 9.9%),1.8%,Low (1.5% to 2.9%),3.5,129,2023-09-06,20923,235.1,2023-09-02,2023-09-02,Region 1,1.1,11.6,10.1,9.9,3396,7505,13489,1.5,59.1,1.3,2023-09-07T15:40:00Z
MD,24,24,Maryland,2023-08-26,95362,11.6,231,3.82,2.3,0.1,1.2,-0.1,2023-09-02,15.9%,Moderate Increase (10.0% to 19.9%),2.2%,Low (1.5% to 2.9%),NA,129,2023-09-06,18115,247.9,2023-09-02,2023-09-02,Region 3,0.9,12.8,9.9,8.3,1068,3348,7178,1.8,NA,NA,2023-09-07T15:40:00Z
ME,23,23,Maine,2023-08-26,15051,0,26,1.93,2.3,-0.3,1.8,0.1,2023-09-02,-26.5%,Substantial Decrease (< -19.9%),1.1%,Minimal (< 1.5%),NA,30,2023-09-06,3274,163.6,2023-09-02,2023-09-02,Region 1,1.1,11.6,10.1,9.9,3396,7505,13489,1.4,NA,NA,2023-09-07T15:40:00Z
MI,26,26,Michigan,2023-08-26,191878,14,302,3.02,1.5,0.2,0.8,0.2,2023-09-02,13.3%,Moderate Increase (10.0% to 19.9%),1.5%,Low (1.5% to 2.9%),NA,184,2023-09-06,37724,296.5,2023-09-02,2023-09-02,Region 5,0.5,11.6,11.3,10.5,11251,30777,54117,1.5,NA,NA,2023-09-07T15:40:00Z
MN,27,27,Minnesota,2023-08-26,78481,51.7,176,3.12,1.8,0.4,0.9,0.2,NA,NA,NA,NA,NA,NA,87,2023-09-06,15530,224.6,2023-09-02,2023-09-02,Region 5,0.5,11.6,11.3,10.5,11251,30777,54117,1.3,NA,NA,2023-09-07T15:40:00Z
MO,29,29,Missouri,2023-08-26,129743,16,282,4.59,2.2,0.3,1.8,0.5,NA,NA,NA,NA,NA,NA,79,2023-09-06,22468,289.7,2023-09-02,2023-09-02,Region 7,-0.2,14.5,14.1,12.9,4164,5595,10244,1,NA,NA,2023-09-07T15:40:00Z
MP,69,69,Northern Mariana Islands,2023-08-26,0,0,0,0,0,0,0,0,NA,NA,NA,NA,NA,NA,NA,NA,NA,NA,2023-09-02,NA,NA,NA,NA,NA,NA,NA,NA,NA,NA,NA,NA,2023-09-07T15:40:00Z
MS,28,28,Mississippi,2023-08-26,55562,4,184,6.18,3.2,0.1,3,0.6,2023-09-02,-15.8%,Moderate Decrease (-19.9% to -10.0%),3.2%,Moderate (3.0% to 4.4%),NA,111,2023-09-06,14814,427.7,2023-09-02,2023-09-02,Region 4,-0.7,13.2,13.9,13,4808,11925,21373,3.2,NA,NA,2023-09-07T15:40:00Z
MT,30,30,Montana,2023-08-26,29951,29.3,53,4.96,1.5,0.4,0.4,0.2,2023-09-02,-0.4%,Stable (-9.9% to 9.9%),1.5%,Low (1.5% to 2.9%),0,NA,2023-09-06,3870,268.5,2023-09-02,2023-09-02,Region 8,-2.4,12.5,14,12.8,2729,4233,7536,NA,NA,NA,2023-09-07T15:40:00Z
NC,37,37,North Carolina,2023-08-26,166974,14.1,469,4.47,2.8,0.5,2.1,0.6,2023-09-02,4.2%,Stable (-9.9% to 9.9%),2.9%,Low (1.5% to 2.9%),NA,269,2023-09-06,33873,270.5,2023-09-02,2023-09-02,Region 4,-0.7,13.2,13.9,13,4808,11925,21373,2.2,NA,NA,2023-09-07T15:40:00Z
ND,38,38,North Dakota,2023-08-26,14999,75,21,2.76,1.1,0.5,0.8,0.7,2023-09-02,24.4%,Substantial Increase (> 19.9%),1.0%,Minimal (< 1.5%),0,NA,2023-09-06,2638,282.8,2023-09-02,2023-09-02,Region 8,-2.4,12.5,14,12.8,2729,4233,7536,NA,NA,0,2023-09-07T15:40:00Z
NE,31,31,Nebraska,2023-08-26,31434,2.3,45,2.33,1.2,0.1,0.4,-0.2,2023-09-02,-4.6%,Stable (-9.9% to 9.9%),0.9%,Minimal (< 1.5%),NA,18,2023-09-06,5766,247.6,2023-09-02,2023-09-02,Region 7,-0.2,14.5,14.1,12.9,4164,5595,10244,NA,NA,NA,2023-09-07T15:40:00Z
NH,33,33,New Hampshire,2023-08-26,18049,7.5,43,3.16,1.7,-0.3,1.9,0.1,2023-09-02,8.2%,Stable (-9.9% to 9.9%),1.5%,Low (1.5% to 2.9%),NA,31,2023-09-06,3288,178.8,2023-09-02,2023-09-02,Region 1,1.1,11.6,10.1,9.9,3396,7505,13489,1.6,NA,NA,2023-09-07T15:40:00Z
NJ,34,34,New Jersey,2023-08-26,171707,5.8,311,3.5,2.1,0.1,0.8,-0.1,2023-09-02,11.0%,Moderate Increase (10.0% to 19.9%),1.4%,Minimal (< 1.5%),NA,148,2023-09-06,35312,301.8,2023-09-02,2023-09-02,Region 2,-0.8,12.2,13,11.7,1120,3865,8461,1.3,NA,NA,2023-09-07T15:40:00Z
NM,35,35,New Mexico,2023-08-26,38137,-17.4,38,1.81,1.3,0,1.2,0,2023-09-02,-12.9%,Moderate Decrease (-19.9% to -10.0%),1.9%,Low (1.5% to 2.9%),NA,35,2023-09-06,9326,360.4,2023-09-02,2023-09-02,Region 6,-0.5,20.3,19.6,18.4,4095,20362,34103,1.4,NA,NA,2023-09-07T15:40:00Z
NV,32,32,Nevada,2023-08-26,64204,-7.7,132,4.29,2.2,0.2,1.8,-0.1,2023-09-02,-14.0%,Moderate Decrease (-19.9% to -10.0%),1.6%,Low (1.5% to 2.9%),NA,60,2023-09-06,11918,332.1,2023-09-02,2023-09-02,Region 9,-2.4,14.2,16.1,14.7,2657,8527,17746,1.7,NA,NA,2023-09-07T15:40:00Z
NY,36,36,New York,2023-08-26,373491,4.6,1108,5.7,3.2,0.4,2,0.3,2023-09-02,5.2%,Stable (-9.9% to 9.9%),1.5%,Low (1.5% to 2.9%),2.2,386,2023-09-06,81138,313.7,2023-09-02,2023-09-02,Region 2,-0.8,12.2,13,11.7,1120,3865,8461,1.5,4.8,0.1,2023-09-07T15:40:00Z
NY-NYC,71,71,New York (excludes NYC),NA,NA,NA,NA,NA,NA,NA,NA,NA,NA,NA,NA,NA,NA,2,267,2023-09-06,41801,271.1,2023-09-02,NA,NA,NA,NA,NA,NA,NA,NA,NA,1.7,-4.8,-0.1,2023-09-07T15:40:00Z
NYC,57,57,New York City,NA,NA,NA,NA,NA,NA,NA,NA,NA,NA,NA,NA,NA,NA,2.6,119,2023-09-06,39337,377.4,2023-09-02,NA,NA,NA,NA,NA,NA,NA,NA,NA,1.1,23.8,0.5,2023-09-07T15:40:00Z
OH,39,39,Ohio,2023-08-26,259637,22.1,370,3.17,1.3,0.2,0.9,0.1,2023-09-02,22.8%,Substantial Increase (> 19.9%),1.8%,Low (1.5% to 2.9%),NA,178,2023-09-06,49719,334.1,2023-09-02,2023-09-02,Region 5,0.5,11.6,11.3,10.5,11251,30777,54117,1.2,NA,NA,2023-09-07T15:40:00Z
OK,40,40,Oklahoma,2023-08-26,109546,35.4,130,3.29,1.8,0.4,0.9,-0.1,NA,NA,NA,NA,NA,NA,78,2023-09-06,19524,425.8,2023-09-02,2023-09-02,Region 6,-0.5,20.3,19.6,18.4,4095,20362,34103,1.7,NA,NA,2023-09-07T15:40:00Z
OR,41,41,Oregon,2023-08-26,45859,10.4,170,4.03,2.9,0.4,2.4,1,2023-09-02,2.9%,Stable (-9.9% to 9.9%),2.4%,Low (1.5% to 2.9%),NA,97,2023-09-06,9286,176.6,2023-09-02,2023-09-02,Region 10,-0.2,13.1,12.9,12.4,5864,12380,23221,1.9,NA,NA,2023-09-07T15:40:00Z
PA,42,42,Pennsylvania,2023-08-26,244002,10.2,452,3.53,1.6,0.1,1.1,0.3,2023-09-02,25.5%,Substantial Increase (> 19.9%),1.3%,Minimal (< 1.5%),2.2,243,2023-09-06,52670,295,2023-09-02,2023-09-02,Region 3,0.9,12.8,9.9,8.3,1068,3348,7178,1.3,37.5,0.6,2023-09-07T15:40:00Z
PR,72,72,Puerto Rico,2023-08-26,28632,-6.9,122,3.82,2.8,0.5,1.7,0.6,NA,NA,NA,NA,NA,NA,249,2023-09-06,6369,121.2,2023-09-02,2023-09-02,Region 2,-0.8,12.2,13,11.7,1120,3865,8461,4.3,NA,NA,2023-09-07T15:40:00Z
PW,70,70,Palau,NA,NA,NA,NA,NA,NA,NA,NA,NA,NA,NA,NA,NA,NA,NA,NA,NA,NA,NA,2023-09-02,NA,NA,NA,NA,NA,NA,NA,NA,NA,NA,NA,NA,2023-09-07T15:40:00Z
RI,44,44,Rhode Island,2023-08-26,13042,3,34,3.21,2.1,0.7,2.2,1.1,2023-09-02,-9.0%,Stable (-9.9% to 9.9%),1.2%,Minimal (< 1.5%),NA,23,2023-09-06,3978,268.6,2023-09-02,2023-09-02,Region 1,1.1,11.6,10.1,9.9,3396,7505,13489,1.6,NA,NA,2023-09-07T15:40:00Z
RMI,68,68,Republic of Marshall Islands,NA,NA,NA,NA,NA,NA,NA,NA,NA,NA,NA,NA,NA,NA,NA,NA,NA,NA,NA,2023-09-02,NA,NA,NA,NA,NA,NA,NA,NA,NA,NA,NA,NA,2023-09-07T15:40:00Z
SC,45,45,South Carolina,2023-08-26,94206,28.5,316,6.14,2.9,0.6,1.8,0.2,2023-09-02,0.8%,Stable (-9.9% to 9.9%),3.9%,Moderate (3.0% to 4.4%),NA,136,2023-09-06,21259,328.3,2023-09-02,2023-09-02,Region 4,-0.7,13.2,13.9,13,4808,11925,21373,2.1,NA,NA,2023-09-07T15:40:00Z
SD,46,46,South Dakota,2023-08-26,19122,28,32,3.62,1.4,0.4,0.8,0.1,2023-09-02,5.8%,Stable (-9.9% to 9.9%),1.0%,Minimal (< 1.5%),0,NA,2023-09-06,3273,299.1,2023-09-02,2023-09-02,Region 8,-2.4,12.5,14,12.8,2729,4233,7536,NA,NA,0,2023-09-07T15:40:00Z
TN,47,47,Tennessee,2023-08-26,129816,31.2,395,5.78,2.4,0.5,1.5,0.4,2023-09-02,-15.1%,Moderate Decrease (-19.9% to -10.0%),2.7%,Low (1.5% to 2.9%),3.5,198,2023-09-06,28671,345.5,2023-09-02,2023-09-02,Region 4,-0.7,13.2,13.9,13,4808,11925,21373,2.4,40,1,2023-09-07T15:40:00Z
TX,48,48,Texas,2023-08-26,605206,20,1638,5.65,2.6,0.4,2,0.3,2023-09-02,3.1%,Stable (-9.9% to 9.9%),3.6%,Moderate (3.0% to 4.4%),2.5,398,2023-09-06,102239,355.4,2023-09-02,2023-09-02,Region 6,-0.5,20.3,19.6,18.4,4095,20362,34103,1.5,78.6,1.1,2023-09-07T15:40:00Z
USA,0,00,United States of America,2023-08-26,6289643,15.7,17418,5.25,2.6,0.4,1.6,0.2,2023-09-02,-1.5%,Stable (-9.9% to 9.9%),2.3%,Low (1.5% to 2.9%),2.1,6643,2023-09-06,1140278,285.4,2023-09-02,2023-09-02,National,-0.6,13.5,13.9,12.9,41152,108517,197468,1.7,10.5,0.2,2023-09-07T15:40:00Z
UT,49,49,Utah,2023-08-26,46708,37.5,99,3.09,1.3,0.2,0.8,0.2,2023-09-02,30.7%,Substantial Increase (> 19.9%),1.7%,Low (1.5% to 2.9%),0,31,2023-09-06,5520,197.2,2023-09-02,2023-09-02,Region 8,-2.4,12.5,14,12.8,2729,4233,7536,1.2,NA,NA,2023-09-07T15:40:00Z
VA,51,51,Virginia,2023-08-26,120585,19.6,360,4.22,2.2,0.5,1.9,0.3,2023-09-02,3.7%,Stable (-9.9% to 9.9%),2.5%,Low (1.5% to 2.9%),NA,144,2023-09-06,23578,234.9,2023-09-02,2023-09-02,Region 3,0.9,12.8,9.9,8.3,1068,3348,7178,1.5,NA,NA,2023-09-07T15:40:00Z
VI,78,78,Virgin Islands,2023-08-26,617,-80,1,0.94,1.2,0.1,1.7,1.7,NA,NA,NA,NA,NA,NA,NA,NA,NA,NA,2023-09-02,2023-09-02,Region 2,-0.8,12.2,13,11.7,1120,3865,8461,NA,NA,NA,2023-09-07T15:40:00Z
VT,50,50,Vermont,2023-08-26,6246,-25.8,23,3.69,2.6,-0.3,1.5,-0.2,2023-09-02,7.3%,Stable (-9.9% to 9.9%),1.4%,Minimal (< 1.5%),NA,30,2023-09-06,1020,117,2023-09-02,2023-09-02,Region 1,1.1,11.6,10.1,9.9,3396,7505,13489,3.4,NA,NA,2023-09-07T15:40:00Z
WA,53,53,Washington,2023-08-26,76186,22.8,285,3.74,2.9,0.1,1.7,-0.4,2023-09-02,5.6%,Stable (-9.9% to 9.9%),2.5%,Low (1.5% to 2.9%),NA,157,2023-09-06,15029,173.1,2023-09-02,2023-09-02,Region 10,-0.2,13.1,12.9,12.4,5864,12380,23221,1.9,NA,NA,2023-09-07T15:40:00Z
WI,55,55,Wisconsin,2023-08-26,126008,25,195,3.35,1.4,0.1,0.7,-0.3,2023-09-02,14.6%,Moderate Increase (10.0% to 19.9%),1.2%,Minimal (< 1.5%),NA,83,2023-09-06,17150,231.8,2023-09-02,2023-09-02,Region 5,0.5,11.6,11.3,10.5,11251,30777,54117,1.1,NA,NA,2023-09-07T15:40:00Z
WV,54,54,West Virginia,2023-08-26,42115,3.6,87,4.85,2,0.4,2,0.9,2023-09-02,31.6%,Substantial Increase (> 19.9%),2.1%,Low (1.5% to 2.9%),NA,29,2023-09-06,8635,347.2,2023-09-02,2023-09-02,Region 3,0.9,12.8,9.9,8.3,1068,3348,7178,1.2,NA,NA,2023-09-07T15:40:00Z
WY,56,56,Wyoming,2023-08-26,11362,36.4,30,5.18,1.8,0.4,1.3,1.2,2023-09-02,-18.0%,Moderate Decrease (-19.9% to -10.0%),1.3%,Minimal (< 1.5%),0,NA,2023-09-06,2140,303.7,2023-09-02,2023-09-02,Region 8,-2.4,12.5,14,12.8,2729,4233,7536,NA,NA,0,2023-09-07T15:40:00Z
